{
  "label": "冲锋枪",
  "folders": {},
  "entries": {
    "N8lDw8zSKebEuhcB": {
      "name": "Federated Arms Tech Assault II"
    },
    "OfBnPCTc4vxBeGcJ": {
      "name": "Uzi Miniauto 9"
    },
    "Ubxx6nrlV5OVOrDS": {
      "name": "Heckler & Koch MP-2013"
    },
    "VCNhTdWnVoPTYYzi": {
      "name": "Heckler & Koch MPK-9"
    },
    "cJGHxhJdS08BKZHU": {
      "name": "Sternmeyer SMG 21"
    },
    "nVkRzAWadFnMJ9R1": {
      "name": "Arasaka Minami 10"
    },
    "nVlW9ZxDkgYZBNXZ": {
      "name": "Ingram MAC 14"
    },
    "tUw3deoRLKzUbQEI": {
      "name": "Heckler & Koch MPK-11"
    }
  }
}