{
    "label": "租赁与服务",
    "folders": {},
    "entries": {
      "1MUFsLYenBNcW0VV": {
        "name": "信用芯片账户"
      },
      "1wSczzdjOpEZHUG4": {
        "name": "医疗计划"
      },
      "2O2PlXxgAJTYbHcr": {
        "name": "公用电话通话"
      },
      "3DKBHvIJRMQ7nz7O": {
        "name": "普通预包装食品"
      },
      "3xXDt7msEp0rodwB": {
        "name": "手机服务"
      },
      "7ynv1iRjCVS6tKqT": {
        "name": "“棺材”房 – 公司区"
      },
      "8kMNCMooW7gID3Ki": {
        "name": "房屋 – 行政区"
      },
      "97xCt0Z74g613nHN": {
        "name": "出租车"
      },
      "BUCT1O4inYF7AtU5": {
        "name": "公用事业费"
      },
      "HDJMDrJwwyd7W4HF": {
        "name": "飞车出租车"
      },
      "JiAMrymDUuqzXH2G": {
        "name": "房屋 – 公司区"
      },
      "KdUSPc9jKlxZBYTz": {
        "name": "重症监护日"
      },
      "L9oN4cVPnGTf58fc": {
        "name": "房屋 – 中产区"
      },
      "LJ2N1CRa9q5UJjor": {
        "name": "房屋 – 战斗区"
      },
      "LdrNwR79wlxSid09": {
        "name": "标准电话服务"
      },
      "MV0opo466kDttaku": {
        "name": "“棺材”房 – 战斗区"
      },
      "Odj2rS5kKKejVWVr": {
        "name": "公寓/独栋 – 公司区"
      },
      "RfWVJIgFgoGgZzeo": {
        "name": "住院日"
      },
      "RjIQ1XyKF8rjAF6R": {
        "name": "出租车呼叫器激活费"
      },
      "TcE1Dce0LumTnmMt": {
        "name": "快速充电"
      },
      "UMgA64Ze5RUNqVkC": {
        "name": "酒店客房 – 公司区"
      },
      "UTQE3c98erdd4Z4z": {
        "name": "CHOOH² 燃料"
      },
      "YEsC8bdEgXNZsvYc": {
        "name": "“棺材”房 – 中产区"
      },
      "a1PfGEaWAmwhvKIg": {
        "name": "公寓/独栋 – 行政区"
      },
      "asfDWfOJkdyTckyw": {
        "name": "数据终端使用费"
      },
      "ayf8BevRGNfVDW43": {
        "name": "酒店客房 – 战斗区"
      },
      "c2NLex4kqxhj5c88": {
        "name": "“棺材”房 – 行政区"
      },
      "fe2JHml3p3rOS9M3": {
        "name": "公寓/独栋 – 中产区"
      },
      "g1HLhgxSH0kjlv19": {
        "name": "有线电视"
      },
      "kby6H8nselTicIdq": {
        "name": "优质预包装食品"
      },
      "kzxa75xkXUJtfvnJ": {
        "name": "酒店客房 – 中产区"
      },
      "nEYfvmgrG2BneL9F": {
        "name": "合成口粮"
      },
      "nnzTwmtbnwsuT5LH": {
        "name": "创伤小队账户"
      },
      "oN5HJZeZ4Ef4MMTY": {
        "name": "公寓/独栋 – 战斗区"
      },
      "ox0PovQuEYpxgXnj": {
        "name": "酒店客房 – 行政区"
      },
      "qyyD4zTJnXrmsIqF": {
        "name": "克隆肢体更换"
      },
      "sJhbh46gnrrx9NL0": {
        "name": "新鲜食物"
      },
      "utDVxkOftG5ei4iA": {
        "name": "诊所就诊"
      },
      "ww5M1GUNlFxGQ4Ki": {
        "name": "磁悬浮车票"
      },
      "z2f2TvELHm3t1YCs": {
        "name": "空气"
      }
    }
}