{
  "label": "家具与摆设",
  "folders": {},
 "entries": {
      "2qvu55mKqzqPDPqs": {
        "name": "布团（Futon）"
      },
      "35W9oU6Zbj8ifiwB": {
        "name": "充气床"
      },
      "6AGeyTjr7e0iKaLd": {
        "name": "公寓胶囊"
      },
      "8P0I9vZM4twutjYN": {
        "name": "现实世界家具"
      },
      "QjHlYCEbZJOCKHqC": {
        "name": "声控开关系统"
      },
      "aJ5X9Ycs5EvxcEhW": {
        "name": "合成家具"
      },
      "bKVZujkDWEMHaTp2": {
        "name": "尼龙手提袋"
      },
      "nlf3SoNWrlRZLwEM": {
        "name": "台灯"
      },
      "vQKbsgzEqF0Ex66P": {
        "name": "睡袋"
      },
      "zLFvD7QWOwMguYnV": {
        "name": "清洁机器人"
      }
    }
}