{
  "label": "通讯",
  "folders": {},
  "entries": {
    "0WSZHAIfZpUgXJJy": {
      "name": "线路分支探测器"
    },
    "5EbdcwBNaEFV4mUT": {
      "name": "带短波电台的高级通讯手提箱"
    },
    "92jSMKjnF6uaMC0M": {
      "name": "移动电话"
    },
    "FjTG2S2Ekskr2afV": {
      "name": "口袋通讯器"
    },
    "PNpvUuo5pb17PlwO": {
      "name": "迷你移动电话"
    },
    "ZGSyhPbxpn9QEIZv": {
      "name": "高级通讯手提箱"
    },
    "gRzryhqXlQhMnLZV": {
      "name": "办公室通讯组合"
    },
    "mPiYAjVaS40NlVad": {
      "name": "乳突通讯器"
    },
    "pE0SFVSRKDXqBRT9": {
      "name": "带影像系统的办公室通讯组合"
    },
    "q8dHQsSRm0nSXOBo": {
      "name": "线路监视反击者"
    }
  }
}