{
    "label": "出售尸体/器官",
    "folders": {},
    "entries": {
      "0qSkqcAHjeTsr7zK": {
        "name": "出售 – 肺 – 普通状态"
      },
      "2bPVLlMthr8PzCYW": {
        "name": "出售 – 眼睛 – 普通状态"
      },
      "3kN0g8BBcwxLOQtm": {
        "name": "出售 – 肝脏 – 普通状态"
      },
      "91esj9TSYtvANsZc": {
        "name": "出售 – 心脏 – 差劣状态"
      },
      "AHCKKMUsG50yfWTt": {
        "name": "出售 – 心脏 – 极佳状态"
      },
      "CDofFjF3dZYmzSKV": {
        "name": "出售 – 耳朵 – 普通状态"
      },
      "M8REgdWEP9HoTKp8": {
        "name": "出售 – 手臂 – 差劣状态"
      },
      "MhOPCIp7ha8LUqeF": {
        "name": "出售 – 肾脏 – 差劣状态"
      },
      "PAv8bfrwP8rqqCnf": {
        "name": "出售 – 肝脏 – 极佳状态"
      },
      "RWW61BqMjbd3HjaQ": {
        "name": "出售 – 腿 – 极佳状态"
      },
      "dqOpvvOp1oHnayp9": {
        "name": "出售 – 肾脏 – 普通状态"
      },
      "dwOCAsq3Uk9XdKwf": {
        "name": "出售 – 腿 – 差劣状态"
      },
      "fNjpNBe7rLHTWbJs": {
        "name": "出售 – 手臂 – 极佳状态"
      },
      "glXNjtiAfE7uhOqW": {
        "name": "出售 – 眼睛 – 极佳状态"
      },
      "iPM1aKbiM8DMgd3G": {
        "name": "出售 – 耳朵 – 极佳状态"
      },
      "idT1kS1GRMuUZ7ZN": {
        "name": "出售 – 手臂 – 普通状态"
      },
      "idp2HvxT9sUCBVcP": {
        "name": "出售 – 其他器官 – 差劣状态"
      },
      "jUWG2PVqr6MIEhbe": {
        "name": "出售 – 其他器官 – 极佳状态"
      },
      "kUkqvGV7ZJOJSTur": {
        "name": "出售 – 耳朵 – 差劣状态"
      },
      "l0UyLYxAt5jwixbz": {
        "name": "出售 – 腿 – 普通状态"
      },
      "lraYzhWSWC2o0cve": {
        "name": "出售 – 肺 – 差劣状态"
      },
      "nlKnsgB95jyCQX5O": {
        "name": "出售 – 其他器官 – 普通状态"
      },
      "pkv4XicKOj7iu6U6": {
        "name": "出售 – 眼睛 – 差劣状态"
      },
      "qcn6AomMrTbLPtC0": {
        "name": "出售 – 肾脏 – 极佳状态"
      },
      "sOQtZBJ8QfEyKGGM": {
        "name": "出售 – 肺 – 极佳状态"
      },
      "tSDD6VUUdHDJlQIu": {
        "name": "出售 – 心脏 – 普通状态"
      },
      "zE1BiCrfoZw4B9ml": {
        "name": "出售 – 肝脏 – 差劣状态"
      }
    }
}