{
  "label": "手枪",
  "folders": {},
  "entries": {
    "0A6g8QQ8lJi9AYuH": {
      "name": "Mauser C96"
    },
    "0AZieUXWGLnihOKd": {
      "name": "IMI Jericho 942FS"
    },
    "0IWuSkhpLVvTVRyb": {
      "name": "Luigi Franchi Princess"
    },
    "0g6fvqp2YnnEzJn0": {
      "name": "FN Browning High-Power"
    },
    "0plHCzWiYgjpWuZj": {
      "name": "OTs-20 Gnome"
    },
    "1AEnyi0rZtLkkcIN": {
      "name": "Dai Lung CRP-22"
    },
    "1FbArxKUBiR0VUPY": {
      "name": "Stein & Wasserman Bi-Power Handcannon"
    },
    "1VzFv4aBsJeQNgP2": {
      "name": "Star M-205 Ultrastar"
    },
    "1cXIyf9pixk6arr5": {
      "name": "Goncz-Taurus Pistol"
    },
    "1eFooM7rzZ3UTO6Q": {
      "name": "Nova Arms Otto"
    },
    "1jq7A4J9rjkVTrnC": {
      "name": "Luigi Franchi Gavil Z11"
    },
    "1kVLnM1uLcx8yDiR": {
      "name": "IMI Desert Eagle"
    },
    "1rdOaAdGlTtp7Nn9": {
      "name": "Mauser Cthugha"
    },
    "1viZK3cmzhPELmQS": {
      "name": "Walther Charon M2"
    },
    "22lZO1WeSQzY3aSJ": {
      "name": "FN Browning Archos"
    },
    "26DUDw5at90UI089": {
      "name": "Arasaka LEH-451"
    },
    "2D8SIuRoResPI14t": {
      "name": "Ceska Zbrojovka CZ 97B"
    },
    "2gQ9uajuKf70DdYo": {
      "name": "Colt Anaconda"
    },
    "2ldsFe6bPXXJ8zYy": {
      "name": "Colt King Cobra"
    },
    "2oN0muYNvzZKA6tI": {
      "name": "Texhofforhov Tzar"
    },
    "2sqMMrLE3aIGytiB": {
      "name": "FN HP-DAO Compact"
    },
    "2wesHCbX9h5N1Ois": {
      "name": "SCI Little Joe"
    },
    "37SNnJYHafu2KKny": {
      "name": "Seburo Bobsons"
    },
    "3CcdytImSf9DtE9J": {
      "name": "Constitutional Arms Bronco"
    },
    "3LuT6uS6InrcnY9s": {
      "name": "Stolvoboy ST2"
    },
    "3M6lDOFPBKarBIoL": {
      "name": "Stechkin APS"
    },
    "3WHvBR8eQl29lABE": {
      "name": "Militech Boomer Buster .477"
    },
    "3Ybgum6a1tZd8eau": {
      "name": "Astra Magnum"
    },
    "3ZCJV2Q17CReqHre": {
      "name": "Norinco Type 77"
    },
    "3exC8jC4UKoKVY4M": {
      "name": "OTs-33 Pernach"
    },
    "3lBMiNFwAcoLTV1D": {
      "name": "UrbanTech Cal-20 Pistol"
    },
    "3loc78dbucdvETjn": {
      "name": "Colt Larr Ted"
    },
    "3rEL5nuUjJJ4GR75": {
      "name": "Ares Light Fire GZ"
    },
    "3v7mJrrX84POmdy4": {
      "name": "LAR Grizzly"
    },
    "48Iuw0xqFRbl5Qor": {
      "name": "Beretta Model 110-T"
    },
    "4AIdDzSIB34oznKA": {
      "name": "Ruger Ranger"
    },
    "4NYvKv8j0iFFZgcv": {
      "name": "Korth Pistol"
    },
    "4TL2YX17Sp12VwM1": {
      "name": "DefiantConcealPocket Lint"
    },
    "4WkGTqLAmgWRDjjL": {
      "name": "Armalite 44"
    },
    "4oeZ95mPaPtAhe56": {
      "name": "Yarygin MP-443 Grach"
    },
    "52oWaIKG2hwjqhym": {
      "name": "Colt Urban Guerilla"
    },
    "62o1EXcdOKSGh9wL": {
      "name": "Militech Crusher SSG"
    },
    "6GLT46x8rgK015ju": {
      "name": "Towa HB-10"
    },
    "6OpXYXU0CWoSdTfv": {
      "name": "Ruger Colonial"
    },
    "6YH5Nwj8bC3fp8YR": {
      "name": "SCI Corsair .22"
    },
    "6sbPnRMMVzRr9jKq": {
      "name": "Taurus M608"
    },
    "6x2oo7quXbKQwSA8": {
      "name": "Sig Sauer P220"
    },
    "7SQLJNedXYL86if1": {
      "name": "Armalite CCPP-48"
    },
    "7ZBuzJKGyROXkhkm": {
      "name": "Spitfire Battle Pistol 12 mm"
    },
    "7nqaPQHCPnKPhZZ9": {
      "name": "Ruger GP100"
    },
    "7oSUIgHKFM41BC3G": {
      "name": "Colt Enforcement 10 Sidearm"
    },
    "7qJS3HtOc9U4C29R": {
      "name": "Zip Gun"
    },
    "8Hi9RO5wFxhT429y": {
      "name": "Stein & Wasserman M2009"
    },
    "8b4SZbjbsBtnBjL5": {
      "name": "FN Five-seveN"
    },
    "8sCei3iUWCKp70C9": {
      "name": "Beretta 9000S"
    },
    "94OLTyNMH1re6hTV": {
      "name": "Modele Mod 9"
    },
    "9BJ0P0M9JfcrzvJD": {
      "name": "FN Browning Ultra-Power"
    },
    "9Oxh701VfN7jhrQq": {
      "name": "Smith & Wesson LP4"
    },
    "9fkwmQyhl5Urbpfi": {
      "name": "Heckler & Koch Mk.23"
    },
    "A6oWzoO4tzILC00q": {
      "name": "Budget Arms Auto-3"
    },
    "AQt05IDAMjiW18qE": {
      "name": "Nova Arms Midget"
    },
    "AR6ApFKXWfGrQ37G": {
      "name": "Colt Python .357 Magnum"
    },
    "AZuJwPHu7WfqeYbs": {
      "name": "IMI Jericho 941"
    },
    "AahNWGNVhTaH7swv": {
      "name": "Walther TEP-94"
    },
    "AlHDPzKujdSoCq4q": {
      "name": "Seburo Yoshino"
    },
    "AxJT5rGqSc05Y1AW": {
      "name": "Smith & Wesson Sigma"
    },
    "AzNEsl70DztV8Q4W": {
      "name": "Heckler & Koch SX-45"
    },
    "BHzm1YQuW04eYG8l": {
      "name": "Norse Technologies Hoggspjot"
    },
    "BIuxWd388WOLsdj9": {
      "name": "Star Megastar"
    },
    "BRxeBEvDR9uQPG8q": {
      "name": "Dan Wesson 445 SuperMag"
    },
    "BnJxbSmoJyOqMPTX": {
      "name": "Astra Style-6"
    },
    "CJOvGCpu2LYwpOXR": {
      "name": "Colt-Seburo DNP-5"
    },
    "COKLCHriGrXBS7iB": {
      "name": "Walther P88"
    },
    "CUlAddGNC6cXgATx": {
      "name": "Sig Sauer P245"
    },
    "CpNVstZzEpC9iCPw": {
      "name": "Kang Tao Type 108"
    },
    "CsycTMDBzOY3f8tR": {
      "name": "Cop .44 Derringer"
    },
    "CvAGvg4y3zLGNrki": {
      "name": "Glock 26"
    },
    "D3yoBbsOkBYjqG6Y": {
      "name": "Colt Model AMT 2000"
    },
    "DIMcYd1WU9KQLDb1": {
      "name": "Leroi Maxi 10"
    },
    "DMWLlOdHTvw1nBOU": {
      "name": "Glock 17"
    },
    "DlMNtvVTyJjv47dl": {
      "name": "Mateba Model 720"
    },
    "EfBrO7vShfpKxxCj": {
      "name": "Daewoo DP-51"
    },
    "EfWeNIiEifULO2GA": {
      "name": "Kel-Tec P-11"
    },
    "EpmFCHAkVdLRIExb": {
      "name": "Makarov PM"
    },
    "FBo3ZkmZBIFhonrN": {
      "name": "IMI Gamad It. Pistol Dwarf"
    },
    "FRWhzXdr0my2bkpM": {
      "name": "Federated Arms X-38"
    },
    "FcIdH56neMfqqPPG": {
      "name": "Constitutional Arms Revo"
    },
    "FxhTIlsIAiaJlQ3r": {
      "name": "Ares Light Fire 70"
    },
    "G0OW3fofpGojsi36": {
      "name": "Mateba Model 207"
    },
    "GB7Ou0wBaMKmMoFN": {
      "name": "Walther PP Super"
    },
    "GJdCpCdApvEvM4l6": {
      "name": "Goncz-Taurus Micro 12"
    },
    "Gbcixwht57z7Eh7y": {
      "name": "Heckler & Koch USP Tactical"
    },
    "Gdzo7a6JsUpUWvBT": {
      "name": "SCI Black Skull"
    },
    "Gp5AzVaudYPKtNTn": {
      "name": "Surprising Stranger"
    },
    "Gysokrk9NtOiXrX3": {
      "name": "Texas Arms Grinder"
    },
    "H1XMNubrmT8JqDg9": {
      "name": "Freedom Arms .454 Casull"
    },
    "H5u7NTCZqh82ob5J": {
      "name": "Streetline Special"
    },
    "HE1H76j9wIhOjxN5": {
      "name": "Ruger Lawmaster"
    },
    "HQ61UK0LUOhWIZO5": {
      "name": "Defiant Derringer"
    },
    "Hg9XiivKV8plzAeT": {
      "name": "SVI Infinity"
    },
    "HheaBstgMJC9pvj6": {
      "name": "Beretta 86"
    },
    "HxBwgUlehNY9i6dH": {
      "name": "FN M8 Ghosthawk"
    },
    "IgDxHG9FD17qDw44": {
      "name": "Ruger Super Redhawk"
    },
    "Iq7CTuOUaHnk5MvU": {
      "name": "Colt Renaissance"
    },
    "J4JaWG6RL2oTK1SW": {
      "name": "FN Forty-Nine"
    },
    "JFvpYeyQDteI4mnh": {
      "name": "Heckler & Koch DEF-3"
    },
    "JUawrEX6hbovYhL2": {
      "name": "Kalashnikov AK12 Oktober"
    },
    "JcKQ0m4cSvYQdxaD": {
      "name": "Nova Arms Citygun"
    },
    "JfJlwjC8CAJ5gsv9": {
      "name": "Beretta 84"
    },
    "Juv0gu2yUtSPxCUt": {
      "name": "KBP Udar"
    },
    "JzqilcB7inG9Qch4": {
      "name": "Federated Arms CS 831A"
    },
    "KIZ6T2iLxbXlMWTu": {
      "name": "Constitutional Arms 454 Magnum"
    },
    "KKS3WSiM8aiZmFrl": {
      "name": "OTs-27 Berdysh"
    },
    "KVCuYYaNcEkOh1bV": {
      "name": "Heckler & Koch Ikarus 432J"
    },
    "KboWfFplSVpI3STk": {
      "name": "Mustang Arms Oshi-592"
    },
    "KienHC46JJjZJtfh": {
      "name": "Texas Arms .44 Enforcer"
    },
    "KxCKUVaFiPGZYITv": {
      "name": "Arasaka C740"
    },
    "LAFep47hKGvhpbXw": {
      "name": "Federated Arms X-22"
    },
    "LlZITcujcdkJkt2S": {
      "name": "MAS M50"
    },
    "LlvVtgRgj72ixqKZ": {
      "name": "Mateba Model 208"
    },
    "LsbFNcyB39xLVNxD": {
      "name": "Glock 25"
    },
    "LxQ5BLNslm0c1rZK": {
      "name": "Smith & Wesson Mod. 286"
    },
    "M6CoC30moJqsfG3r": {
      "name": "Benelli B76"
    },
    "M95hVlAMljnW9NAi": {
      "name": "Seburo Mandrake"
    },
    "MJgHfkTQW02txZAb": {
      "name": "Militech Avenger"
    },
    "MONL9lfrvhbhjFAw": {
      "name": "Arasaka 253"
    },
    "MOWXfb3RF6tcTSpK": {
      "name": "Tokarev TT-33"
    },
    "MTZ0yqtBGxaToMD7": {
      "name": "Savalette Guardian"
    },
    "MY9SquNIx2OL4wV6": {
      "name": "Geind D-640"
    },
    "NEKH5waBozdASu9c": {
      "name": "Luigi Franchi Tigre"
    },
    "NGed4hlFVKkUqdZB": {
      "name": "Star M-45 Firestar"
    },
    "ORzgk6qPZCtMuTd6": {
      "name": "Militech P-343"
    },
    "OaYhax8hd6J24LNd": {
      "name": "Manurhin MR-73"
    },
    "Oi3PUp1Cce6HHOcU": {
      "name": "Sternmeyer Type 35"
    },
    "OlflJakDriTSvh5P": {
      "name": "Vektor SP1"
    },
    "Ou5HIHVrz2idyMTY": {
      "name": "Colt .38 Detective"
    },
    "P2zmO5Ptv7iWWQMt": {
      "name": "Constitutional Arms Stub"
    },
    "PEDY67gtjkGJDFgK": {
      "name": "Beretta M951"
    },
    "PO1ctICT8qmgq2O6": {
      "name": "Geind EL-631"
    },
    "PcOoug9vSYvTHEdm": {
      "name": "Militech RNA-12"
    },
    "Pj3h9t3Mf4YLHrUh": {
      "name": "Arasaka Zenith"
    },
    "PmGXPGygUL9OIZhh": {
      "name": "R-92KS"
    },
    "Pr1Hn2CIkdRsgmsm": {
      "name": "MSP"
    },
    "Pzlpw6Nknr1gqCoh": {
      "name": "Yesaul"
    },
    "Q1F3KO59dh2a2tzC": {
      "name": "Ceska Zbrojovka Pengu"
    },
    "Q95tb8kx6FxwspuR": {
      "name": "Smith & Wesson Beefeater"
    },
    "Q9j4ahQrldsK7cLZ": {
      "name": "Kang Tao Type 97"
    },
    "QPrqAojL7MEtP8y9": {
      "name": "Llama Comanche V.44 Magnum"
    },
    "QguoXZ1CVbGxPYH8": {
      "name": "Taurus Raging Bull"
    },
    "QsuTczAmXnvcwKoK": {
      "name": "Sig Sauer SP2340"
    },
    "R6KumTgr8TrJoTQf": {
      "name": "High Standard Derringer"
    },
    "Ru0JszO3o5pC1OZR": {
      "name": "Walther P5"
    },
    "S9RB3kbh1fVNbIxj": {
      "name": "Sig Sauer P230"
    },
    "SCngwvM7jYougG3W": {
      "name": "Malorian Arms MXConcealPocket"
    },
    "SIR9qLAmF8xSYY30": {
      "name": "Texhofforhov Rush .10"
    },
    "SUDu7dCyKAoDfBpV": {
      "name": "Beretta 92FS"
    },
    "SUU3L1eiF6oWZSSp": {
      "name": "Downsizer Mini Pistol"
    },
    "SUZpl6Os87iDpB84": {
      "name": "Seburo C-X"
    },
    "SbUVnUQn4HmXgNqs": {
      "name": "Seburo 6X6"
    },
    "SmNugKl3zRGsTKNm": {
      "name": "Dai Lung Gangmaster"
    },
    "Sop814bAsEADuswN": {
      "name": "Bul M5 Commander"
    },
    "SrYc4yR54izP8xFm": {
      "name": "Heckler & Koch P68"
    },
    "TMByjrqF8bNgAgHu": {
      "name": "PSM"
    },
    "TMQ4jWVD1cGmwwiF": {
      "name": "FN OPA-38"
    },
    "TXKEXQ2NABXcNeB6": {
      "name": "Smith & Wesson Sigma Compact"
    },
    "Tg8DT9aR97cqzKwS": {
      "name": "OTs-23 Drotik"
    },
    "TreFxDjqkJogOaM2": {
      "name": "Lucznik Radom LRP-234"
    },
    "TrrJussTflGsGe7M": {
      "name": "Smith & Wesson PS-3"
    },
    "TtjCSbKUsY8y060J": {
      "name": "Beretta 90Two"
    },
    "UDbyd8anL96JL19u": {
      "name": "Militech Two-Step"
    },
    "VQ4ZQUZbs7RDFzAT": {
      "name": "Colt American L36"
    },
    "VR0E2zHxVJxNlvCq": {
      "name": "Smith & Wesson Combat Magnum Mod. 66"
    },
    "VaWk4UICl4ilgAwk": {
      "name": "Heckler & Koch USP"
    },
    "W3GDHcq1YbT2FMub": {
      "name": "Charter Arms Undercover"
    },
    "WDz7drlHtSo93grz": {
      "name": "Fabrica de Armas GP-80"
    },
    "WTjPIWGcnhoIuLeb": {
      "name": "Colt Seeder"
    },
    "WdwG5C9zTdbX8Si1": {
      "name": "Ceska Zbrojovka CZ 100"
    },
    "WgOAQLVoNzndVGsM": {
      "name": "Steyr GB80"
    },
    "X4OEnEJPVWWGL1dM": {
      "name": "Colt .45 Peacemaker"
    },
    "XLZcNxOd8wAiEMOD": {
      "name": "Dai Lung Magnum"
    },
    "XbQcbBCjmkrVE270": {
      "name": "IMI Jericho 941 Compact"
    },
    "Y3hRPSCrNjCHM97Z": {
      "name": "Smith & Wesson Coldsnap"
    },
    "YJjjMum9R54fSQEJ": {
      "name": "Beretta 97P"
    },
    "YKSeTOAL4oHTHgXj": {
      "name": "Glock 30"
    },
    "YWyTvXI3MrrIYzdA": {
      "name": "454 Magnum Disposable"
    },
    "Z0iM3FbGn7JdjFxS": {
      "name": ".44 Bulldog"
    },
    "ZAMQPrUpZiZeFC7P": {
      "name": "Beretta M1934"
    },
    "ZD6EdGt4D0zMnDuo": {
      "name": "Colt ASP .38"
    },
    "ZUnzwzphEM2YULxa": {
      "name": "Beretta M2015-A"
    },
    "ZYg5YoCyFhBbUdwu": {
      "name": "Towa Type 14 Police Pistol"
    },
    "Zwc3oTwkg1cn83bP": {
      "name": "Militech Naja .50"
    },
    "ZxwWCKQnxoM3vwdU": {
      "name": "Geind EL-645"
    },
    "aMyWPK2YhtXwwu2Q": {
      "name": "Heckler & Koch Majestic-12"
    },
    "aQ6KLhlhz67Q01hS": {
      "name": "Smith & Wesson Bully"
    },
    "akFeEUKf0iRCf8SI": {
      "name": "Fabrica de Armas AVP-11"
    },
    "bAqa9G6poSMrh7pZ": {
      "name": "Colt Dragoon Deluxe"
    },
    "bKOjMOieCpTn9UD3": {
      "name": "Heckler & Koch P2000"
    },
    "bQbA9QYiMfIU84QF": {
      "name": "Arasaka WSA Autopistol"
    },
    "bh0IBAWdsxqV6tfj": {
      "name": "MAS 12 Sniper Gun"
    },
    "bvNjssGuFIOUUr0E": {
      "name": "Tsunami Arms Lexman"
    },
    "c1EvfBz666QdydlT": {
      "name": "Beretta Model 357S"
    },
    "cHI8EPCd06b20C00": {
      "name": "Beretta 93R"
    },
    "cInqZuRUT460fwPV": {
      "name": "StreetTech Burst"
    },
    "cTu94u1PzQlSRwQT": {
      "name": "Ceska Zbrojovka CZ 75"
    },
    "cffjpXZMweCDhESJ": {
      "name": "Hammerli Model 610S"
    },
    "cg57pMqEv1CT3rxe": {
      "name": "Ruger Bison"
    },
    "cgb36rKYON5gvUwy": {
      "name": "Colt Defender"
    },
    "d8WR8fH2nCKmDXoc": {
      "name": "Heckler & Koch VP 70"
    },
    "dIKvdvtEGWTJbTY0": {
      "name": "Ares Predator"
    },
    "dZ60hp7BSz2k0dSk": {
      "name": "Arasaka Guardian"
    },
    "e5KqgLpY1Ozlw4Zq": {
      "name": "Luigi Franchi Nobleman"
    },
    "eDfJNJXs1eW5HMU8": {
      "name": "Seco LD-120"
    },
    "eQcToyZlrOlU8fUg": {
      "name": "Sig Sauer P226"
    },
    "ecjOzg60GLkBAfdy": {
      "name": "Sternmeyer Type 41"
    },
    "eeeHAmoxihMos6Ig": {
      "name": "TDE Auto-Mag .44"
    },
    "f78Y7KBt4COHU6VM": {
      "name": "Sig Sauer P210-2"
    },
    "fKjwV3fQBgVjOpo0": {
      "name": "Sig Sauer P250 DCc"
    },
    "fR7HBTxETGIWbYf5": {
      "name": "Federated Arms Cheesemaker"
    },
    "fRnjldqM9yIv2FAJ": {
      "name": "Nova Arms Sphex .38"
    },
    "fTdTys9gtmNbg3iL": {
      "name": "Norinco Type 80"
    },
    "fvFlSFn39AzIhNPD": {
      "name": "Walther P99"
    },
    "fxJybqJLtTbU2FGN": {
      "name": "Ares Predator GZ"
    },
    "g5v4las3HyaUxd2q": {
      "name": "Espinoza One Shot"
    },
    "gDngsvdtSkiEE2sT": {
      "name": "Heckler & Koch HK-4"
    },
    "gV2W61rBunBRaURN": {
      "name": "Towa Type 12 Police Pistol"
    },
    "gi94uzwMOZ6GaZCg": {
      "name": "Budget Arms C13"
    },
    "h0PWF4rxqNTLZZmJ": {
      "name": "Dan Wesson Pistol Pack"
    },
    "hQ6iePGzdvveM8Oq": {
      "name": "Glock G33 AV"
    },
    "hgqqs5CnnkmEiprW": {
      "name": "Navy Arms Mamba"
    },
    "hl8EdsGSxg0vtYaa": {
      "name": "Glock 18C Spear"
    },
    "iCzFJwvHk7DkJHu7": {
      "name": "Geind EL-528"
    },
    "iJZBK5KZ2e2d85tR": {
      "name": "OTs-21 Malysh"
    },
    "iP60Zi2zugXHNI8o": {
      "name": "Eagletech 20-Pipe"
    },
    "ifSYgVrInw4aBpJI": {
      "name": "Federated Arms 454 DA Super Chief"
    },
    "ii6Kyzc2YP4npuWm": {
      "name": "Seburo TTA"
    },
    "ijpet9by44z4ssp8": {
      "name": "IMI Gideon"
    },
    "ipAzVqjYd2PFFVLB": {
      "name": "Taurus Raging Hornet"
    },
    "iq8l8PyNYUaai3zm": {
      "name": "Heckler & Koch P-18"
    },
    "jG6hL0D5QqghmTpX": {
      "name": "Nomad .44 Magnum Revolver"
    },
    "jHCXRRomdgY4mdgY": {
      "name": "Armalite Poly .41"
    },
    "jN1TOY2CK4Ac599C": {
      "name": "Dai Lung Bala"
    },
    "jND0VV79RY0YPUGS": {
      "name": "Tsunami Arms Express Racegun"
    },
    "jROp3FpEZXLw575J": {
      "name": "Benelli MP-95E Kromo"
    },
    "jliQJVEU5PeOb5qD": {
      "name": "Sternmeyer Luxus-45"
    },
    "joWTqFllWu5233op": {
      "name": "Nomad .357 Magnum Revolver"
    },
    "jr5Q7ECBDAKk6pA1": {
      "name": "Voros"
    },
    "jrpgUpRtsdZ2h2kr": {
      "name": "Geind EL-552"
    },
    "kUZhErxf77AMvPPO": {
      "name": "Walther PB-120"
    },
    "kphynBJHQT3Usmsj": {
      "name": "Tohiatsu Intruder 11 mm"
    },
    "kqgD4C6zYGCv4ZkP": {
      "name": "Smith & Wesson 6040C"
    },
    "l6gNIgHhP7iciL70": {
      "name": "Norinco Model 77B"
    },
    "lAYWQf8pQnsv1uQM": {
      "name": "Beretta-Luigi Franchi M-93V Lynx"
    },
    "lO9q4VNtD2gG0eZI": {
      "name": "Constitutional Arms Mygal"
    },
    "mUEUCCTkbbBas8tR": {
      "name": "Cop .357 Derringer"
    },
    "mcfWNvoVgcUcAzJV": {
      "name": "Ruger MK II"
    },
    "mdcUkQ6oD5dRv5r3": {
      "name": "Heckler & Koch P7"
    },
    "n1zrp2VZ5qoeP6WE": {
      "name": "Arasaka Marson"
    },
    "nNsqvZeTVuYUKSCv": {
      "name": "Dai Lung Han"
    },
    "nPPtezmkNKZyqslP": {
      "name": "Colt Manhunter"
    },
    "ndIiWHKRQkVHm5mm": {
      "name": "FN Browning .25"
    },
    "nk0cslx7khhzEOAZ": {
      "name": "Daewoo DP-17"
    },
    "oIjvHfDmYhFmHrC2": {
      "name": "AMT Automag V"
    },
    "oPGyEwV0YrirrBgA": {
      "name": "Nova Arms Stallone"
    },
    "ofpa34d8Oo6o8gPG": {
      "name": "Ceska Zbrojovka CZ 105"
    },
    "p8ZLx3Hoty0hYOHk": {
      "name": "Norinco Eduardo"
    },
    "p9m1rciEMQ2LvHHj": {
      "name": "Beretta 87"
    },
    "pCxTqcsvhvzHwGm5": {
      "name": "Heckler & Koch C823"
    },
    "pGfCdXFsZsVHhDfA": {
      "name": "FEG P9R"
    },
    "pM5M5U51PhhbGWyU": {
      "name": "Militech A226 Shooter"
    },
    "pTaMpPT0RUsaybtt": {
      "name": "Sig Sauer P229"
    },
    "pYCACkekrgWFFCaB": {
      "name": "Arasaka P-237"
    },
    "pnmqH3CG9MegpJGs": {
      "name": "Armalite Thoroughbred"
    },
    "q8KA6AFmvTCcljVy": {
      "name": "Stein & Wasserman Tri-Star"
    },
    "qKo2xYF2qlBfc2Eb": {
      "name": "Heckler & Koch NS-7"
    },
    "qS9nBxSX9eQVQnmB": {
      "name": "Kamaha Khali"
    },
    "qUDm11zsJ4dQWMlx": {
      "name": "Seburo S-30"
    },
    "qZxYx5kfBS9h82y6": {
      "name": "Ceska Zbrojovka CZ 85"
    },
    "rKSa04GurguA9Mib": {
      "name": "Colt Alpha-Omega 10 mm"
    },
    "rO8JZhbRMdeOJCmv": {
      "name": "Mustang Arms Whisper II"
    },
    "rkQmRKTUnoVgt6m0": {
      "name": "Astra A-100"
    },
    "sGBL9c67omqJWQtw": {
      "name": "Luger Parabellum P-08"
    },
    "sTebIjZfQLhBtuyD": {
      "name": "Constitutional Arms CA-PMM"
    },
    "scaXHYO9MojGrfc2": {
      "name": "Colt .45 M1911 A7"
    },
    "sh9fQeSUKeQQtsmB": {
      "name": "Dai Lung Cybermag 15"
    },
    "t0ffoUzQPTWjze1E": {
      "name": "Armalite Knuckgun"
    },
    "t1UlgG0tqQSdxSa7": {
      "name": "Remington Handcannon"
    },
    "t7CRfUrEObGoVzrw": {
      "name": "Cyberdyn M238"
    },
    "tLreGNOiTCTF5uqV": {
      "name": "Heckler & Koch VP-101"
    },
    "tRVoQu83kcrzXrDK": {
      "name": "Weihrauch Arminius Vindicator"
    },
    "tZ0KBMtQ2AWEcqWj": {
      "name": "Heckler & Koch S350 Sturmer"
    },
    "thTVj7AmFdHUmHQK": {
      "name": "Luigi Franchi Gentleman's Duo"
    },
    "tlmgRPWo2dCkhdUW": {
      "name": "Kovrov AEK-906 Nosorog"
    },
    "tq0jlkEy9N7Fxren": {
      "name": "Malorian Arms PPM-721"
    },
    "trHaet91KMABnvM0": {
      "name": "Ruger SP-101"
    },
    "u5bUZcKJMWCKhyfS": {
      "name": "Smith & Wesson Combat Magnum Mod. 29"
    },
    "uNLHbToM2N9pxoP6": {
      "name": "Sig Sauer P228"
    },
    "ufCH4K8EK6lC1BXZ": {
      "name": "Colt Pittbull"
    },
    "uq5GjmvcHlbbjDf6": {
      "name": "Mustang Arms Mark II"
    },
    "uqlTIYAN9HhocbTJ": {
      "name": "Tohiatsu Silencer"
    },
    "uwmO1l1uBaYXQRN5": {
      "name": "Beretta PLAS 9 Fashion Gun"
    },
    "vLbIzqlSLicygStu": {
      "name": "Dutch Arms Longfellow"
    },
    "vMRvD9xNLqOpbe3Q": {
      "name": "Beretta TDX"
    },
    "vUvyiLM37dd7m2V4": {
      "name": "Coonan Pistol"
    },
    "vYJQBJ0C90KuzcLd": {
      "name": "Ceska Zbrojovka VZ-120"
    },
    "vxPz2ck39zW33t45": {
      "name": "Walther PPK"
    },
    "vyIjiI8yF2YczS6T": {
      "name": "Glock 18C"
    },
    "w26Byce7xhL5M91g": {
      "name": "Sig Sauer SP2022"
    },
    "wGyDu9vn73KLN1ZF": {
      "name": "Mustang Arms Whisper"
    },
    "wNyQN3WwIq6jkEic": {
      "name": "Heckler & Koch P9S"
    },
    "wOonXxgkSlsSwJT7": {
      "name": "Budget Arms C-41"
    },
    "wUxBORaK3RRL08yc": {
      "name": "Heckler & Koch MP-505"
    },
    "wxSAEIiCeOx59nZu": {
      "name": "Smith & Wesson Duno"
    },
    "wySE2fMgB1eAxPox": {
      "name": "Luigi Franchi Gavil HVS-06"
    },
    "xHUEiyinV1REkJz7": {
      "name": "Nomad .357 Magnum Autoloader"
    },
    "xXwx3VCjr8LX2wLN": {
      "name": "Sig Sauer P225"
    },
    "xZ0W9V7YNFFsA5lL": {
      "name": "Walther 915"
    },
    "xeT5nebUJ3NWyoUJ": {
      "name": "Tsunami Arms CRP-22"
    },
    "xkMsLckQtu0ULF8J": {
      "name": "Nova ArmsConcealPocket"
    },
    "xmkAefi8x2aToKxw": {
      "name": "Federated Arms X-9 mm"
    },
    "xrBSy3s4rO2t217N": {
      "name": "Mateba Ithaqua"
    },
    "xwoPDek58xIObupE": {
      "name": "Tsniitochmash 6P35"
    },
    "yTJvh3qXwcPt4d8V": {
      "name": "Tsunami Arms CLAB-4"
    },
    "yTywChvjLzaRsTXw": {
      "name": "Vektor CP1"
    },
    "yVl1RkEzbmXHswEK": {
      "name": "Colt Commander"
    },
    "yXpTaNDwOdjkCC8d": {
      "name": "Beretta DI-57 Ferro"
    },
    "yeAa84ngZijXeLCo": {
      "name": "Colt Gecko"
    },
    "yhoHxXfJpIErhso2": {
      "name": "P96M"
    },
    "ylRoGhOQPJSCm3pb": {
      "name": "Dai Lung Streetmaster"
    },
    "ylfA5daKlCabeyZd": {
      "name": "Sternmeyer Type 82"
    },
    "z145Z1C7zCYKQTzV": {
      "name": "SCI Starrior 4"
    },
    "z501A7xss4ZLcXlR": {
      "name": "Colt Ace"
    },
    "zOVFMMN2W17xmdb2": {
      "name": "Arasaka Urban"
    },
    "zVmID6Az8SR7Dd3G": {
      "name": "Beretta Model 101-T"
    },
    "zWDg01G8PYZ7mc8S": {
      "name": "PSS"
    },
    "zcsrZwmjc3AABUa1": {
      "name": "Seburo M-5"
    },
    "ze6XWriEms9fOSH1": {
      "name": "Colt M36"
    },
    "zg290YWKz5w15HoH": {
      "name": "Nova Arms Model 757 Cityhunter"
    },
    "zuoC1YuDuZ0yMgqh": {
      "name": "Federated Arms Impact"
    }
  }
}