{
    "label": "时尚",
    "folders": {},
    "entries": {
      "5jOEpWBi3a4HoWF9": {
        "name": "眼镜 – 普通时尚"
      },
      "AE6duBwbqu4IeiIm": {
        "name": "珠宝 – 普通时尚"
      },
      "ASva0exlmfsF85bE": {
        "name": "眼镜 – 商务装"
      },
      "BBSMHkuXN05ydkAT": {
        "name": "上装 – 商务装"
      },
      "BUxrJxITI4JeNt8O": {
        "name": "夹克 – 休闲装/都市闪光"
      },
      "BaucUWn5RJZe1GOO": {
        "name": "夹克 – 普通时尚"
      },
      "C4A18H4u4KJ6euDM": {
        "name": "隐形眼镜 – 高级时装"
      },
      "E4NbCM9YGRKUNSjx": {
        "name": "珠宝 – 高级时装"
      },
      "Ic3YH0MBfUFLj4LM": {
        "name": "鞋类 – 普通时尚"
      },
      "LCk9VcJ4sxSA0ljT": {
        "name": "隐形眼镜 – 商务装"
      },
      "MGWx0B4Uzj7POkxs": {
        "name": "镜面墨镜 – 普通时尚"
      },
      "O7lWdLYzdYnPw4wd": {
        "name": "裤子 – 高级时装"
      },
      "S3nkLf79yoi23tte": {
        "name": "上装 – 高级时装"
      },
      "TxMKJkKnpHGZfaHr": {
        "name": "隐形眼镜 – 普通时尚"
      },
      "VyAONOHIt0sL4CVx": {
        "name": "眼镜 – 休闲装/都市闪光"
      },
      "Wsue7RiV0uJZoOTQ": {
        "name": "镜面墨镜 – 高级时装"
      },
      "XIRFqhw4ohHvfWZK": {
        "name": "鞋类 – 休闲装/都市闪光"
      },
      "Yzq7bTqvUt12QjJ7": {
        "name": "鞋类 – 高级时装"
      },
      "aH967dnuf6qDwgAz": {
        "name": "裤子 – 普通时尚"
      },
      "aIcediZHNhIwOnDg": {
        "name": "夹克 – 商务装"
      },
      "cOYIjrVCa5tDyuv8": {
        "name": "鞋类 – 商务装"
      },
      "gesyKbbfhHOPK54C": {
        "name": "珠宝 – 休闲装/都市闪光"
      },
      "h2CalWWivL3P1It6": {
        "name": "上装 – 休闲装/都市闪光"
      },
      "i9mKAZg8GbluWpGh": {
        "name": "裤子 – 休闲装/都市闪光"
      },
      "lo0xSaJQNCBDljIy": {
        "name": "上装 – 普通时尚"
      },
      "nsY2q1Ch4MEPutud": {
        "name": "隐形眼镜 – 休闲装/都市闪光"
      },
      "pTQMHXYjyPEWjBdZ": {
        "name": "裤子 – 商务装"
      },
      "tiqq9w9sCKkzZHPj": {
        "name": "夹克 – 高级时装"
      },
      "uyOuEZeb7w6gZIiP": {
        "name": "镜面墨镜 – 休闲装/都市闪光"
      },
      "wY3EAmmckUxvUDTN": {
        "name": "眼镜 – 高级时装"
      },
      "whLecjmbynpALvmr": {
        "name": "珠宝 – 商务装"
      },
      "x7wQV1AY02819lu3": {
        "name": "镜面墨镜 – 商务装"
      }
    }
}