{
    "label": "娱乐",
    "folders": {},
    "entries": {
      "3OOrU0Zn56iEqdzz": {
        "name": "电影"
      },
      "CIfYClLCSqbVP8NS": {
        "name": "普通饮品 (尚可)"
      },
      "DgTpyi5f1SKQvwYK": {
        "name": "普通饮品 (好)"
      },
      "MBYZu95xVW6D3F5f": {
        "name": "餐馆用餐 (好)"
      },
      "TruRJYwnqeqhrGvO": {
        "name": "现场演唱会"
      },
      "UqbrBV82RKQ2wHoR": {
        "name": "餐馆用餐 (极好)"
      },
      "Yiuq9r9UuWu9t1YY": {
        "name": "快餐"
      },
      "kIbyqcEcACZ0Zc5F": {
        "name": "普通饮品 (极好)"
      },
      "maRza6CWul4zPhZ3": {
        "name": "录像带/芯片租赁"
      },
      "mp68xRz3dKBgTquL": {
        "name": "脑舞"
      },
      "nKIxNQvM4Fd9PEE4": {
        "name": "餐馆用餐 (尚可)"
      },
      "qt54XtbJAkerpqpZ": {
        "name": "现场体育赛事"
      }
    }
}