{
  "label": "步枪",
  "folders": {},
  "entries": {
    "00MZlsLq6UPktzRv": {
      "name": "Federated Arms SG-10"
    },
    "0UKV5JMF8hEJM2i0": {
      "name": "Scattergun Patrol"
    },
    "0WKPYRxDs2KqKTd1": {
      "name": "Remington 6-Pump"
    },
    "0ZAfBmjCqJ0vuuD0": {
      "name": "Arasaka AR-629"
    },
    "0zOCI6A7cvpC8xho": {
      "name": "Valmet Rk. 95"
    },
    "16dNYiiM6Vwo5FWa": {
      "name": "Stoner 63A"
    },
    "19I9uZIVMZ6QrLbz": {
      "name": "Baikal MP-131K"
    },
    "1BKoouwE65nEo9oc": {
      "name": "Federated Arms BR-328"
    },
    "1E2teZpEtpfxiCi7": {
      "name": "Winchester MN12"
    },
    "1FPkU0dhJjb5tGG0": {
      "name": "Dai Lung AR-20C"
    },
    "1c6A0uEAOW8vDcif": {
      "name": "Militech PASR-42"
    },
    "1flUgAv7e0tcdpmb": {
      "name": "Fabrica de Armas M102 AGL"
    },
    "1pJJz2k6myLLjXSF": {
      "name": "Benelli Nova"
    },
    "1uqJdcdjkVYkLals": {
      "name": "ST Kinetics SAR-21"
    },
    "2O8tjVr3Vf834TwO": {
      "name": "OICW"
    },
    "2hVgCHvPHI4Gztvd": {
      "name": "MAS Urban Assault"
    },
    "2x5NB8Or6no5R121": {
      "name": "Arasaka XS-40"
    },
    "2ymNGye5IqEd2GG5": {
      "name": "Colt M4"
    },
    "2z6EKnUumhVtJkHI": {
      "name": "M21"
    },
    "3J3rjD3jzRNwfFhy": {
      "name": "Sig Sauer 550 Sniper"
    },
    "3OVXNtRZyEnMLR12": {
      "name": "Sig Sauer SG-551"
    },
    "3aJ8h0M2PuwACuS7": {
      "name": "Heckler & Koch HK770"
    },
    "3gOXIuUSTCFtAoRW": {
      "name": "Heckler & Koch HK81"
    },
    "3kKndTb2QUa6xHFz": {
      "name": "Tsunami Arms Ragnarok CAWS"
    },
    "3rgBO2yjqt0bOeVR": {
      "name": "Heckler & Koch HK 33K"
    },
    "3v8bW7Wnx7EaU3OO": {
      "name": "Fabarm Tactical"
    },
    "3ygsbTjitwEw2uzN": {
      "name": "Steyr Aug"
    },
    "4FiGBk4o0ahIwkGF": {
      "name": "Steyr Aug ST-97"
    },
    "4HeC2HQZNwfvcY4B": {
      "name": "Colt M16A1"
    },
    "4JZO6cfhK19exu6T": {
      "name": "Militech Ronin Light Assault"
    },
    "4LdHcwO0aEEXYyFs": {
      "name": "Izhmash IZH-81"
    },
    "4nCzbfih3ZLTenNl": {
      "name": "Towa Toshoni"
    },
    "4tKIQQMSi7kkdUSg": {
      "name": "Stokovitch & Bolotnikov Pro-Sniper"
    },
    "4vqnrHIyonOVQwoj": {
      "name": "Heckler & Koch XM8"
    },
    "4z8JNyzfIWKwgfeR": {
      "name": "Luigi Franchi P.16"
    },
    "5LE2L67NlDmuwiFL": {
      "name": "Walther WA-2022"
    },
    "5NqdMyh5P9CUuzyx": {
      "name": "Mosin-Nagant 1891-30"
    },
    "5Tb1hKUiPvWx2Bhl": {
      "name": "Heckler & Koch HK 416"
    },
    "5irkljab5Wcw7sN7": {
      "name": "Seburo HSR-1"
    },
    "5nid73JhIQMyHRxM": {
      "name": "Mexican Metals ACR-461"
    },
    "5xPQWLhHYwkpgrvr": {
      "name": "Tsunami Arms BR-404"
    },
    "5zSXj9xRTHDIIdqJ": {
      "name": "Kalashnikov AKR20 Medium Assault"
    },
    "6LFHAfaTCQomFcZa": {
      "name": "Remington Mk XIV Mandible"
    },
    "6NvUbnpQo9PMbZfJ": {
      "name": "Sternmeyer M97S"
    },
    "6RY96NFcz6TocVHh": {
      "name": "Kalashnikov AK77 Supergun"
    },
    "6SG2XNUVnaRci3nX": {
      "name": "Heckler & Koch FAR-4"
    },
    "6cvfIOGiW3ekgx8v": {
      "name": "Royal Enfield SA-90"
    },
    "72SMYSwPnXY5RKBu": {
      "name": "CCMMC KS-32"
    },
    "7HwMXe68oZ6CkVbx": {
      "name": "Franchi SPAS-15"
    },
    "7TMIK5X9sZC4TDvG": {
      "name": "Militech CSH-45"
    },
    "7bcTyRCMNDf9IeZo": {
      "name": "Texhofforhov AVA Carbine"
    },
    "7k6S27tz8GcFg7Ea": {
      "name": "VSS Vintorez"
    },
    "7nPWuNchQ2Lr7Sae": {
      "name": "Viking Arms SOS"
    },
    "7q9jCQqo5wb7YCLJ": {
      "name": "Federated Arms SK19"
    },
    "80jX3p8943BvcguV": {
      "name": "Howa Type 89 Para"
    },
    "82KkagdCvNdFQPr5": {
      "name": "Kalashnikov A-80"
    },
    "8C7bj45kDLgvRtKY": {
      "name": "Metacorp MAS-12 Exploder"
    },
    "8CTEkXuAruvaFhfG": {
      "name": "Seburo MN-23C"
    },
    "8IRkc1zR2cilh7oL": {
      "name": "Armalon PR"
    },
    "8M65QfeZmc5yEFlt": {
      "name": "Seburo PDW-19"
    },
    "8h6G38JHlIA8t9Zo": {
      "name": "IMI STAR-21"
    },
    "8uIdUolMKUE5vkaa": {
      "name": "Heckler & Koch Archer"
    },
    "8xDMV9S0nJOS4Cy7": {
      "name": "LAPA FA 03"
    },
    "90L6XKl9azipUdQ7": {
      "name": "AS Val"
    },
    "93e1IILEXevNOP9h": {
      "name": "MAS 49"
    },
    "9SjzW4l7Wrq13A2G": {
      "name": "9A-91"
    },
    "9d2UY2oLYSSIdyP6": {
      "name": "IMI Galil MAR"
    },
    "9fixN0C3fLFHbi5x": {
      "name": "IMI Galil AR"
    },
    "9mGdi5yMmH0LIIRV": {
      "name": "Militech M-52"
    },
    "9mL8imVUclki0SKt": {
      "name": "Luigi Franchi Gavil M386"
    },
    "9z5inWzz2BqQQIPa": {
      "name": "AN-94 Abakan"
    },
    "A44ENpcivvu6BPG9": {
      "name": "Remington Dillon"
    },
    "AKXEqYiESgHX8NRG": {
      "name": "MAS AAR"
    },
    "AQIPnzxJnu78UW1r": {
      "name": "Sako TRG-22"
    },
    "ASrDn1SBLz3n5VKg": {
      "name": "Heckler & Koch G36C"
    },
    "AgNe883oMgB7tYEK": {
      "name": "Ruger Stecker"
    },
    "AiXPqhIr94ah8dwF": {
      "name": "FN 30-11"
    },
    "AoTwj7VMMFOU4I64": {
      "name": "Winchester M70"
    },
    "AzUQQYy5JSzRKNxk": {
      "name": "Dai Lung DR-40"
    },
    "BGkDSYNr2kNkjyS9": {
      "name": "Heckler & Koch Ardvark"
    },
    "BSMZz1x5gFkBsbZu": {
      "name": "Colt Commando"
    },
    "BZEjAS7ertPM5HJr": {
      "name": "Heckler & Koch G11"
    },
    "BZmwKNXQDEXXM9Ju": {
      "name": "Fabarm SDASS Tactical"
    },
    "BgGcNB7AqfD0lZMc": {
      "name": "M14V"
    },
    "COGIdi6ybZuCIMUn": {
      "name": "Heckler & Koch MP11-SG1"
    },
    "Cny2T9bnGT7DSADC": {
      "name": "Seburo MN-41"
    },
    "D6P9p0KEU8vpuI3M": {
      "name": "FN-RAL Heavy Assault Rifle"
    },
    "DT2XNk3G3YsZ280o": {
      "name": "FN HAR"
    },
    "DlwjNQXara9CWWg2": {
      "name": "Militech Bulldog Compact Assault Shotgun"
    },
    "E0MIC42oSvf61Sey": {
      "name": "Franchi SPAS-102"
    },
    "E5b5coBAjb3PWaqY": {
      "name": "CCMMC QI-15"
    },
    "EWKpsa2FOHkxGIoS": {
      "name": "Mauser 86SR"
    },
    "EhklMujMHjze70B7": {
      "name": "FAMAS G2"
    },
    "EqupdgO5LXciazY8": {
      "name": "OTs-14 Groza"
    },
    "Ev2gSccDa6RgOzwf": {
      "name": "IMI Galil SAR"
    },
    "F4YbQYLaa0dGkzcA": {
      "name": "Armsel Protecta"
    },
    "FD9Uj32gth5iv9so": {
      "name": "Daewoo USAS-12"
    },
    "FNz2a5XzO5RsouCd": {
      "name": "Royal Enfield L42A1"
    },
    "FR8YDbgj4doKpFPb": {
      "name": "Militech LV-426"
    },
    "FXoh8RjxHZ7MDpHL": {
      "name": "Weatherby Mark V"
    },
    "FcprqZ9WDjmvzbVs": {
      "name": "Seburo PDW-18"
    },
    "Ff2yM36UEUKEgC5b": {
      "name": "Arasaka WSSA Sniper System"
    },
    "FhoWTKw2sw1DgpFd": {
      "name": "VS-94 PS"
    },
    "FjQE7SjyjCYJrjjj": {
      "name": "Knight's Armament SR-25"
    },
    "FoBVdJpcxK0qr5qg": {
      "name": "Colt M16 SDM"
    },
    "Fw2BsWLaQV0EFXJN": {
      "name": "Steinkamp SW1"
    },
    "G85CQD2OtClFLfZx": {
      "name": "FN ALG-22"
    },
    "GMkne2wmYclIQtNx": {
      "name": "Imbel MD-2"
    },
    "GYLJePbidNULoEZJ": {
      "name": "Constitutional Arms M516D"
    },
    "GmX1pIfL6QSrLYf2": {
      "name": "Cyberdyn M7A3"
    },
    "GvdvLSeYZt8SOPJu": {
      "name": "Kendachi Aurora"
    },
    "HHlD1QUIRlE8NNkb": {
      "name": "Winchester Nevada 10"
    },
    "HNrmAW9Mm4Xmj9Gp": {
      "name": "Towa Type 99"
    },
    "HSZAPdkysvn4uXtS": {
      "name": "ST Kinetics SAR-80"
    },
    "HXgVQdjMfk0MrzKb": {
      "name": "Sternmeyer M-95 A (CG-13"
    },
    "HnaQJD67EKZXseC1": {
      "name": "Heckler & Koch CAWS"
    },
    "I6iOohZnER4kVHKg": {
      "name": "Heckler & Koch G36"
    },
    "IRgTnPCD8XP4ErUu": {
      "name": "Kalashnikov AK47"
    },
    "IlAQLqJDNKsKYZZr": {
      "name": "Benelli M4 Super 90"
    },
    "IvcGkEx47DLuc55D": {
      "name": "CETME Model L"
    },
    "J3m40nFPAGTjAS1D": {
      "name": "Metacorp BR-55 A2"
    },
    "JAo21X3gZgoeYQD9": {
      "name": "Colt Mantora"
    },
    "JSWvOOI3kDleB6bp": {
      "name": "Franchi PA3-215"
    },
    "JWbKaphonCsEAbJC": {
      "name": "Militech M31-A1"
    },
    "JY0s3kSwIsjPOhhI": {
      "name": "Colt M16A4"
    },
    "Jg4K2q86M79BjcXW": {
      "name": "Ranger Arms SM3"
    },
    "K5jhXoWfB0I3iM9N": {
      "name": "Daewoo K2"
    },
    "KFIIiRqcfb3R8dN0": {
      "name": "Enfield-Ubishi Last Chance"
    },
    "KtncfYN7pcuTQCMo": {
      "name": "Arasaka BAR-54"
    },
    "KvTTnHz1RydWhAlq": {
      "name": "Kalashnikov AKS-74U"
    },
    "KzafARs9cGmS69uP": {
      "name": "Kalashnikov AK74"
    },
    "L3mfB9iYjMfuDeLi": {
      "name": "Ithaca Stakeout"
    },
    "L4vRUtdMLTLi8CCR": {
      "name": "Heckler & Koch G-46E"
    },
    "LFgxbL4UffYNsdE1": {
      "name": "Militech MAR-26"
    },
    "LShSOIlweImxAiOZ": {
      "name": "Cybertronic AR3000 Assault Rifle"
    },
    "LWryCDt9oaoTIwYe": {
      "name": "IMI Galil Sniper"
    },
    "LccFTHCvFPtoRvet": {
      "name": "Mossberg Model 590"
    },
    "Lk6u1LRe82XLRe21": {
      "name": "RomArm PL"
    },
    "LuhQ8FviQNcMC31J": {
      "name": "Nomad 7.62 mm Bolt Action Rifle"
    },
    "LwXQ2uk6s6KF3Ur9": {
      "name": "Sternmeyer SH-8"
    },
    "M335R1bn6jnkRsDx": {
      "name": "Bushmaster M-17S"
    },
    "M7vJ8duVWIFkwgK6": {
      "name": "M1 Carbine"
    },
    "MHqBx6lPCiLG0bAF": {
      "name": "Seburo M487"
    },
    "MMd0lJqnwW5ea8BX": {
      "name": "Ruger AC556F"
    },
    "MV9HqaQsZRVP45BU": {
      "name": "RMB-93"
    },
    "MXFVkWbjtGGr17x4": {
      "name": "Constitutional Arms Hurricane Assault"
    },
    "MaAv2aYXYVnvPV3p": {
      "name": "Techno Arms MAG-7"
    },
    "Mfgqe1UsETTLD0on": {
      "name": "Kalashnikov AKZ-103"
    },
    "NGeWkH7P1v2eOblI": {
      "name": "Ithaca M37"
    },
    "NUkhvYwB5kGYtTiw": {
      "name": "Norinco QBZ Type 95 Rifle"
    },
    "NVmW87CcqrsnuHUY": {
      "name": "Izhmash Saiga 12S"
    },
    "NrC1BJhkJ8EC0ICP": {
      "name": "Remington M713"
    },
    "OBt1plbnvqgytXon": {
      "name": "Metacorp SSR"
    },
    "OSMQVOqaPEvHaY4G": {
      "name": "Lucznik M96 Beryl"
    },
    "Oamk0yQ04dEeIOhz": {
      "name": "Norinco M98"
    },
    "OlsgBquylVp7H9Zx": {
      "name": "Franchi SPAS-12"
    },
    "OoaAKnkipMurYWj3": {
      "name": "Van Pattan"
    },
    "PF9jPI8s5FKxxgO6": {
      "name": "Chadran Arms RR-504"
    },
    "PGRq1k9C3SMj1dfQ": {
      "name": "Metacorp LS-35 A1"
    },
    "PKR81Z0yqRIPsKZ3": {
      "name": "FN SCAR-H"
    },
    "PUw7v5yIKhFntOTz": {
      "name": "Heckler & Koch G3 A3"
    },
    "Q1j88MU8ONwQcvv7": {
      "name": "Militech M6 Combat"
    },
    "Q24o0bGDdrDYI7ah": {
      "name": "Steyr Scout"
    },
    "Q4MzV5oN4Bx4Cy5q": {
      "name": "Australian Ammo Glarr"
    },
    "Q9wSBWlppz39hwxl": {
      "name": "Nova Arms RMG-23"
    },
    "QBZAUO8KnmRIcNfi": {
      "name": "Budget Arms Claws"
    },
    "QCULWHRQdN9uuj27": {
      "name": "Franchi SPAS-12S"
    },
    "QSIYOEpOM1tJwr4f": {
      "name": "Stolvoboy SR5"
    },
    "QeBu7wtRmh9GQjxX": {
      "name": "Cyberdyn M22"
    },
    "RGx1vAH7nH0fxXET": {
      "name": "M1 Garand"
    },
    "RRzvOaReTyv5jETw": {
      "name": "Parker-Hale M82"
    },
    "RbqJ3dr7CE6RPphF": {
      "name": "Fabrica de Armas M-2012"
    },
    "RlxdgvpZXPWznbG2": {
      "name": "Seburo PAS-14"
    },
    "RuHr10gInYJeVzsF": {
      "name": "Colt-Seburo Type-0 Raisen"
    },
    "SJYgUVlKW4jIAM7g": {
      "name": "Remington 11-87"
    },
    "SYnhe9mrOQYKHTQN": {
      "name": "Tsunami Arms RS-73"
    },
    "SgkSHi2MkRLdggGe": {
      "name": "FARA 83"
    },
    "Ss4Q4LTYqEtvLryW": {
      "name": "Arasaka SA-456"
    },
    "Sstc0cssOZBk1w1u": {
      "name": "StreetTech M-12 CAW"
    },
    "TDb4FntEfZazVRBM": {
      "name": "Erma SR-100"
    },
    "TRhoR0RRzMq4QbEX": {
      "name": "Valmet M82"
    },
    "TWVxY3ro1hTBywt1": {
      "name": "SVD"
    },
    "TY1TD3nRS2IckMdk": {
      "name": "Fabrica de Armas Malachai"
    },
    "TasZ1iTBGKVL88Lx": {
      "name": "Valmet Special"
    },
    "TwLvQ0kAWvdYY3Rn": {
      "name": "Seburo C-M26"
    },
    "Tx88qrtVJbzAROf1": {
      "name": "Heckler & Koch G41"
    },
    "U0vfzA8IhkxSTQkR": {
      "name": "Heckler & Koch G38"
    },
    "UJvTNN358TSVezuQ": {
      "name": "Royal Enfield L85A1 IW"
    },
    "UJwzxpIzwaXF1kJy": {
      "name": "Franchi Gendarme"
    },
    "ULeDynZqVdl7kpx9": {
      "name": "Heckler & Koch VGR-13"
    },
    "UQjmRcgHP0JkgxQ6": {
      "name": "Militech Crusher"
    },
    "URkOPGN8q9Lxju8p": {
      "name": "Stolvoboy DROZ-6"
    },
    "UaGNeJZcwABsCurN": {
      "name": "IMI Galil Patriot"
    },
    "UfUylwVz5op6B7cN": {
      "name": "Heckler & Koch HK 33"
    },
    "Ui1jorow93930Y3p": {
      "name": "FN F2000"
    },
    "UuCWeA0s3BsUiKvC": {
      "name": "Remington 870"
    },
    "VCruGwxMi5lcVuvt": {
      "name": "Ronin Shotgun Revolver"
    },
    "VD41xvbaBthVkQbP": {
      "name": "Royal Enfield Ordnance 7.5 mm LPA1"
    },
    "VPBqlx95qe3MnXS2": {
      "name": "Stolvoboy Oktober"
    },
    "VXebBaQH35qmLZM9": {
      "name": "Seburo J11"
    },
    "VaUR57jWgtW6fbjt": {
      "name": "Beretta BM59"
    },
    "VlAe8BKxcLrVVeCO": {
      "name": "Sig Sauer SG-542"
    },
    "Vr2Q4Moo7Rvx5F6V": {
      "name": "Cyberdyn M30"
    },
    "Vs8HorC10jAmOp1u": {
      "name": "Ruger 100 Sport Rifle"
    },
    "VsjrboKJObw6f70m": {
      "name": "Imbel Model LC"
    },
    "VtkzDW0CzW28kbSk": {
      "name": "SCI TTA"
    },
    "W0lP19QufqNu16Fn": {
      "name": "Heckler & Koch G36K"
    },
    "WBKBN39BpZV603Ej": {
      "name": "Metacorp AUR-333"
    },
    "WP2ZrjKzC1hKE6qM": {
      "name": "Beretta AR70-90"
    },
    "WVGVx3wJyvKL7uK4": {
      "name": "Royal Enfield L92"
    },
    "X1mMsrDIIgxchaQN": {
      "name": "Heckler & Koch MPXS1"
    },
    "X5hfuHhs2LueXV0g": {
      "name": "Sternmeyer Stakeout 10"
    },
    "XBqt5CdxN5vlL7ZX": {
      "name": "Chadran Arms City Reaper"
    },
    "XTXLr6zeXgdFzSG3": {
      "name": "Arasaka Storm"
    },
    "XuDEjUOXTpJOVxCM": {
      "name": "Militech AG-17"
    },
    "Xz8ATG4cuvPVs4qe": {
      "name": "Valmet Rk. 62"
    },
    "XzT2TG7N2btODiEg": {
      "name": "Militech AR-68"
    },
    "Y66D72vs6jBQ5QNS": {
      "name": "Seburo PSR-21"
    },
    "Y6ZIu2kttvRzzwDc": {
      "name": "Dai Lung Ice Thrower"
    },
    "Y6vpz5Itgg8mKyKa": {
      "name": "Heckler & Koch CAWS-62"
    },
    "YEIWyjP0oA0OIIcq": {
      "name": "Arasaka JDF-AR"
    },
    "YKVdHpGU5CoS6Rq5": {
      "name": "Stolvoboy 12 MAG CAW"
    },
    "YRil1Xf1XGHVuLwv": {
      "name": "Nomad .357 Magnum Automatic Carbine"
    },
    "YcZl8mI3OnbZGONC": {
      "name": "Federated Arms Light Assault 15"
    },
    "Yluso291b9QQs9Xw": {
      "name": "Militech GNG-H01"
    },
    "Z7kwgTRVD6KS7QTi": {
      "name": "FAMAS G4C"
    },
    "ZGEmYmBDzOXE4s6Y": {
      "name": "SV-98"
    },
    "ZPg2jI1Ppbk4rMy9": {
      "name": "SR-3 Vikhr"
    },
    "ZbjX4twxMwzvjsoR": {
      "name": "Arasaka Kai"
    },
    "Zlfb4CEuR1pDwVin": {
      "name": "Steyr KR-27"
    },
    "ZnS9UGFFPcEI9sSs": {
      "name": "Mustang Arms Raider"
    },
    "Zny8EeFO23PUdnkA": {
      "name": "Royal Enfield L87"
    },
    "Zr1EfH0quk2RAHI6": {
      "name": "M40"
    },
    "aADUk16isjXWrOyt": {
      "name": "Seburo PAS-16"
    },
    "aQq4MfQjew7oJmaK": {
      "name": "AI Arctic Warfare"
    },
    "aTYBHVSyG2xrqo0y": {
      "name": "Howa Type 64"
    },
    "avVMt4rnSoHq2OVj": {
      "name": "Benelli M3 Super 90"
    },
    "azIKOIekoo15heYY": {
      "name": "Sig Sauer SG-510-4"
    },
    "b028PKhRIYjoRfk1": {
      "name": "Milcam Sniper"
    },
    "bA3ERC5Tl37szbG3": {
      "name": "Ceska Zbrojovka SR-449"
    },
    "bAe33EatPqLIU9vV": {
      "name": "Tsunami Arms AR-41"
    },
    "bL2L63U7cswvbP1C": {
      "name": "Okusa Light Assault"
    },
    "bZemiwMjFdtqbPIK": {
      "name": "T86 Carbine"
    },
    "bn66fm9RhkbmWcev": {
      "name": "Norinco QBZ Type 97 Rifle"
    },
    "bqLt4EDiJP4DaRSi": {
      "name": "OTs-14 Groza 7.62"
    },
    "c1R0CYUr3qyOr7CL": {
      "name": "SA vz.58"
    },
    "c6OnDOXY6a0893Eq": {
      "name": "Ceska Zbrojovka CZ 700"
    },
    "cHN1gptvn504G0hT": {
      "name": "Magpul PDR-C"
    },
    "cIOc4LReCMTThSfN": {
      "name": "Vektor CR-21"
    },
    "cMBmWkTGMh6zAze9": {
      "name": "Zastava M76"
    },
    "cPMJMfriztuiixTO": {
      "name": "Armalite AR10"
    },
    "cSDkk3RwwqrdUmtL": {
      "name": "Goncz-Taurus 20-Gauge Rifle"
    },
    "celZ8wGTomCWK7yl": {
      "name": "Nomad .44 Magnum Lever-Action Rifle"
    },
    "cnhkBAwS2aL85864": {
      "name": "AA-12"
    },
    "coh0HqqtgcakNyrD": {
      "name": "Daewoo K1A1"
    },
    "dJPxKqRUxulEcjuM": {
      "name": "Arasaka LBR-84"
    },
    "dMSSU85qWR6SXLjJ": {
      "name": "Heckler & Koch HK 53"
    },
    "dQYEWVAi4wtfA9UA": {
      "name": "Traveller Assault Rifle"
    },
    "dblSfCZ060h0FOLA": {
      "name": "Sungan Hob-12"
    },
    "de2KgnFDLm3Zm8hk": {
      "name": "VSK-94"
    },
    "dswY1oFLu79YLJWM": {
      "name": "Heckler & Koch MSG-90"
    },
    "e8dmxthmn18x9iy2": {
      "name": "Malorian Arms EAW-09"
    },
    "eLKwmtUnnCwc5wWZ": {
      "name": "M14"
    },
    "eUiajnaCmPNXZgXa": {
      "name": "Militech SPW-32"
    },
    "eV73tJD5LJ8xLQrH": {
      "name": "Ranger Arms PST-99"
    },
    "eaLUkgFnFIg3NyRk": {
      "name": "FN FAL"
    },
    "edgc6TGPbO4KzoHy": {
      "name": "Militech Dragon"
    },
    "eqYGNW1V37ZdZwoO": {
      "name": "Izhmash Saiga 20S"
    },
    "eyALPp13FSMUNLNH": {
      "name": "Colt M-18"
    },
    "f3Kjhi0nrqTldKni": {
      "name": "Colt M16A2"
    },
    "fGkRY8Cozwe9OdN0": {
      "name": "Seburo MN-40"
    },
    "fN5A7MbsqmOTta7Q": {
      "name": "Texas Arms R-Shot .477"
    },
    "fhbnBWB0JoPYWeAm": {
      "name": "Armalite URM-7"
    },
    "flTxXKXHzGFL9bEk": {
      "name": "Heckler & Koch SL9-SD"
    },
    "fzMnZBlhxDDBlcAb": {
      "name": "Heckler & Koch G38SK"
    },
    "gnAr6Swd3JP5MRjH": {
      "name": "Heckler & Koch PSG1"
    },
    "guLrqVZiifrsQA2r": {
      "name": "Tsunami Arms ISS"
    },
    "hLUcwhG4qlqgwvDc": {
      "name": "Seburo ACR-556"
    },
    "hmy3EQm5Le5nl9L5": {
      "name": "Kalashnikov AKSU91"
    },
    "i3J4sZPDmYzZn2xZ": {
      "name": "Budget Arms Leslie"
    },
    "i5fKapFKJhgx3ia2": {
      "name": "Federated Arms Tech-Assault"
    },
    "i8JZ4chMpUoXUyKt": {
      "name": "Militech ERW-14"
    },
    "i9IEc2hByPrLK36y": {
      "name": "CCMMC KS-36"
    },
    "iQdVjDxUB1xeKPOD": {
      "name": "CGA5"
    },
    "iaHroVH79dr30e2I": {
      "name": "Remington Sodom"
    },
    "ipesgBYuLX23g2SZ": {
      "name": "Metacorp SE-23"
    },
    "iy47IuFUXwRtY4CE": {
      "name": "Heckler & Koch SL1"
    },
    "izbQ6JMKtOGo3UXg": {
      "name": "AI L96"
    },
    "jHUzJEZNFpyaU7Nb": {
      "name": "FN Grunter"
    },
    "jQhrosFAI5bfyGDJ": {
      "name": "Sig Sauer SG-552"
    },
    "jrYjiOeF3wvvc3gl": {
      "name": "Walther WA-2021"
    },
    "jvUtAYXuDdQmCSGk": {
      "name": "Tambu 501 AirBrush"
    },
    "k2Wo9K5tN8WnaHze": {
      "name": "Militech M12 Shotgun"
    },
    "kDt7Gp70D582t261": {
      "name": "SVU-A"
    },
    "kIwTjbXLDvCP5wCI": {
      "name": "Sternmeyer ASW-68"
    },
    "kMZ8DJ81z98IZCZ1": {
      "name": "Kalashnikov AK-18"
    },
    "kPjPqzoB6HePkRTU": {
      "name": "Militech Ninja"
    },
    "kRQPmgYRHT5wEjry": {
      "name": "Heckler & Koch HK 512"
    },
    "kb5hVy6Pu5UQEw4Y": {
      "name": "Mustang Arms Close Control"
    },
    "kd92BmLJPHdwgl9t": {
      "name": "Walther SPR-96"
    },
    "koEehMiIKNh2QHSy": {
      "name": "SVD-2"
    },
    "kpTlvRvXJM228bs3": {
      "name": "Magpul Masada"
    },
    "kyoMxf8G1oDNQ1jd": {
      "name": "Seburo PDW-17"
    },
    "l1MyljLrkXfGgrFf": {
      "name": "FR F2"
    },
    "l83WdKrMS9d1QptN": {
      "name": "Tsunami Arms CR-25"
    },
    "lK18dpnJjSDBt2yC": {
      "name": "FAMAS F1"
    },
    "lPquvulKlJtg8zbf": {
      "name": "Seburo PAS-18"
    },
    "llntOJLvXoZ0YUQ5": {
      "name": "KS-23"
    },
    "lwZBU8n7JVFHKDOo": {
      "name": "Truvelo Neostead"
    },
    "m5mfDwOGssDXrnGn": {
      "name": "Budget Arms FF20"
    },
    "m6xD2wxyxkkJLpPK": {
      "name": "Norinco Type 121"
    },
    "m9yMAFcp54RzIH9d": {
      "name": "Budget Arms S-40"
    },
    "mGaI63BAd7Zp9gJ0": {
      "name": "Mossberg CMDT Combat Gun"
    },
    "mjvlMb89u9UAmGZP": {
      "name": "Arasaka 77TA-20"
    },
    "mkW0fRGZHzfr517n": {
      "name": "Seburo MN-23"
    },
    "mxlOCAWXLgd3XOUb": {
      "name": "Heckler & Koch SL8"
    },
    "nCYFgCIFVc0L2CVc": {
      "name": "Mossberg ATA-5"
    },
    "nKiBiYfEud922vcE": {
      "name": "Simonov SKS"
    },
    "o7jlSCwQ7QtYBCcC": {
      "name": "Winchester M-22"
    },
    "o8WbPUdFZO46FBuk": {
      "name": "FN SCAR-L"
    },
    "oH5Uv2iEWO7GDTH0": {
      "name": "Cybertronic SA-SG72001"
    },
    "oHErHgi3iW6tFBhI": {
      "name": "Norinco QBU Type 88"
    },
    "oK4271i6cms2wZRw": {
      "name": "INSAS"
    },
    "oRKHVlmXX1gt5kRP": {
      "name": "Sternmeyer Mison"
    },
    "oeXMM9XJg5BDpKkB": {
      "name": "Seburo CZN-M27"
    },
    "pFF2UKBsDP3dOCfl": {
      "name": "Blunderbuss"
    },
    "pIOqbvRlIAOEK6Xu": {
      "name": "Cyberdyn M3"
    },
    "pVTOAyzdUzW910aW": {
      "name": "Howa Type 89"
    },
    "pck7rfYRbShBHxPu": {
      "name": "IMI TAR-21"
    },
    "pnRjmU4wIqWryNuX": {
      "name": "IMI CTAR-21"
    },
    "q06fM4toBUv8LxW8": {
      "name": "Remington Survivor"
    },
    "q6LRXSCs7qTDT770": {
      "name": "Sawn-off Shotgun"
    },
    "qD6IWIILCaUtOzKT": {
      "name": "PGM Ultima Ratio Intervention"
    },
    "qGuUYKjOfRsvgWWD": {
      "name": "IMI Galil Marksman"
    },
    "qbVKTDuaHgLmZieQ": {
      "name": "Norinco QBZ Type 95B Carbine"
    },
    "qkm1I45uvluhpWbf": {
      "name": "Kel-Tec RFB"
    },
    "qrdb3mDFyDFSytQz": {
      "name": "Kalashnikov AK127"
    },
    "qzZ9KgXMqlWkfZ8B": {
      "name": "FR-F6"
    },
    "r1qpRAQL0GYId5E1": {
      "name": "Kel-Tec SU-16C"
    },
    "r3mO2x6sx3tuB9cz": {
      "name": "Steyr SSG 69"
    },
    "rH9KCWvO53JVyGNp": {
      "name": "Smith & Wesson SAS-911"
    },
    "rKaPg9z37N0CrlHw": {
      "name": "Mauser SP66"
    },
    "rQtDAmmnMSps6H43": {
      "name": "Cyberdyn CGW-06"
    },
    "ruuUjM4he3JeetPF": {
      "name": "Metacorp Warhammer Assault Shotgun"
    },
    "sDCmpNdiPmuPUAxU": {
      "name": "Seburo PDW-16"
    },
    "sFFLyvMNVelviuAX": {
      "name": "Heckler & Koch Goblin"
    },
    "sYL6SQZNk27AlNVP": {
      "name": "Stein & Wasserman Z-212"
    },
    "ssv6D6kcAQEShVUf": {
      "name": "Militech Sasquatch"
    },
    "t0m6EKTyKpoGsT1j": {
      "name": "M24"
    },
    "t9lJo0odyKsn6Hfx": {
      "name": "Federated Arms Cruseras"
    },
    "tBDjzrgwrHQtmDIV": {
      "name": "Arasaka SA-460"
    },
    "tSGCPKK6uAF7u568": {
      "name": "Beretta M3P"
    },
    "tVPgDEjGRNnkqpFm": {
      "name": "Chadran Arms Jungle Reaper"
    },
    "tinEOF6GNghsNrLi": {
      "name": "Arasaka WAA Bullpup"
    },
    "tsy4wBZpzXwpv2qS": {
      "name": "Heckler & Koch G3-SG1"
    },
    "u2m6Evgla2vZlT09": {
      "name": "Steyr Super Aug"
    },
    "uSiBaYkAQr62Gyf0": {
      "name": "Remington 950"
    },
    "ufMkqNQJjypE2Xe4": {
      "name": "Stolvoboy ST-5"
    },
    "urXdKfSpQ937hq8E": {
      "name": "MAS 49-56"
    },
    "uw1wXiIiSZbR1c7U": {
      "name": "CCMMC Jinhua M-7"
    },
    "uyhsY80dfiiQwV4N": {
      "name": "Darra-Polytechnic M-9"
    },
    "vLW1fJoQXjzprj1N": {
      "name": "Arasaka Rapid Assault 12"
    },
    "vLmP0HHPEu48Cesu": {
      "name": "AEK-971"
    },
    "vdXWha4DPC0ZuhUL": {
      "name": "Darra-Polytechnic WA-30"
    },
    "vjsiszu1EfMw0T9b": {
      "name": "SCI Volga M15"
    },
    "vtkcRvcOlqVMY9yd": {
      "name": "Tokarev SVT-40"
    },
    "wGZfMJmaMNVlsOHr": {
      "name": "Seburo CZN-M22"
    },
    "wOnBPb1FTS57ZOf7": {
      "name": "Sig Sauer SSG 3000"
    },
    "wZIIk0MxRrrs9OII": {
      "name": "Cybertronic CAW2000"
    },
    "weX2rnPSbvhNKX93": {
      "name": "Mossberg Model 500"
    },
    "wfmeuBnmZ18Uw4y3": {
      "name": "Heckler & Koch G12A3Z"
    },
    "wzcUMSfGk1smQA7E": {
      "name": "Cyberdyn M23"
    },
    "x6gUdBtyoY7VFcRS": {
      "name": "Arasaka BOX-4"
    },
    "xU702QbHgplJxdpn": {
      "name": "Seburo PMN-68"
    },
    "xWPYwoFpvu4GzhF3": {
      "name": "SV-99"
    },
    "xWxpF3BL986Orj2b": {
      "name": "Colt AR-55"
    },
    "xoAhnFlX6ejjClzs": {
      "name": "Tsunami Arms King-Snip"
    },
    "y1Mzbdzvwpk5l3HM": {
      "name": "Heckler & Koch PSG2"
    },
    "y3wSJUZeBNwpbISD": {
      "name": "AMD-65"
    },
    "yA3fMz2lybbnpIIC": {
      "name": "Mossberg ATA-10"
    },
    "yJ00iQxQNkyINsSS": {
      "name": "Heckler & Koch GR-56"
    },
    "yKCNiL1mYDimFX1s": {
      "name": "Remington HG-14"
    },
    "yLjFaQORykree6gr": {
      "name": "Weatherby Mark V Compact"
    },
    "ydN5kbN6z94I6ppD": {
      "name": "Militech MK IV"
    },
    "yjS3wGnFQvXt6ws6": {
      "name": "Benelli M1 Super 90"
    },
    "yo2tJKuQhrRZkbCg": {
      "name": "L1A1 SLR"
    },
    "ysULTd518L8aIuZw": {
      "name": "DSA SA58 OSW"
    },
    "yvVsD0AmmN9Ayc9s": {
      "name": "Kalashnikov AK107"
    },
    "ywzitSb7oiDV9oTZ": {
      "name": "Armalite AR-18"
    },
    "z1DRUQkQ0OBB8FXZ": {
      "name": "Mossberg Model 500 Bullpup"
    },
    "z7C9q074xYAkEZr7": {
      "name": "Pancor Jackhammer Mark 3-A2"
    },
    "z98FPkz2fswTwtAj": {
      "name": "Kamaha Kalch"
    },
    "zF8YUYQI9QshtG6i": {
      "name": "ZM LR 300"
    },
    "zQMPPylf19ybJzz0": {
      "name": "TDI Kriss Super XII"
    },
    "zQUgqN1OqqJ1HPhX": {
      "name": "Beretta Sniper"
    },
    "ztJhwCwx3TysaOKO": {
      "name": "Rossi Squire"
    },
    "ztPHMN69sLlCCxCD": {
      "name": "Militech Arbus"
    }
  }
}