{
    "label": "电子设备",
    "folders": {},
    "entries": {
      "3ekG2DVAfaAnqRrg": {
        "name": "出租车呼叫器"
      },
      "Bz3z1oSo8qttT5Mq": {
        "name": "电吉他"
      },
      "Fn99l5O1RzigOUG8": {
        "name": "数字音乐芯片"
      },
      "Gii7XMfJl24sEjAa": {
        "name": "袖珍电视"
      },
      "I0RBLMwywSdr9X3s": {
        "name": "放大器"
      },
      "J2dwpBak0Plsot4D": {
        "name": "电子键盘"
      },
      "MZDn3ZENnySJ4oh1": {
        "name": "视频板"
      },
      "Ve6IyGZrhRodBRcu": {
        "name": "全息发生器"
      },
      "Vz8avZpgQLzNG22n": {
        "name": "录像带"
      },
      "Xio3gBvNHJYxUmTy": {
        "name": "数字录音机"
      },
      "XxeivdSUEo2Gg1nF": {
        "name": "数字芯片播放器"
      },
      "dv9yBKB5QsdJWFI1": {
        "name": "测向罗盘"
      },
      "ers71dQVQ1pLrngE": {
        "name": "鼓点合成器"
      },
      "fGKoyGlF4fJglZ4R": {
        "name": "数字相机"
      },
      "hrPW09LEij9zAiw4": {
        "name": "数据芯片"
      },
      "l8cCXR1pK4cigTap": {
        "name": "摄像机"
      },
      "lQAl8YneV0GfSxH3": {
        "name": "视频/音频磁带播放器"
      }
    }
}