{
    "label": "职业技能CN",
    "folders": {},
    "entries": {
      "4Vs8BkzHsnymmTZI": {
        "name": "临时应变"
      },
      "BjBZ8zc7wh52MSwK": {
        "name": "战斗感"
      },
      "Qmjux0msvvUVtcXL": {
        "name": "可信度"
      },
      "WF501rqiNPl4QPAv": {
        "name": "街头交易"
      },
      "Yafgebvct45ZRpxQ": {
        "name": "资源"
      },
      "cFbpX0cI7tul6k9q": {
        "name": "权威"
      },
      "f1OKKB0bc1RaGdrM": {
        "name": "医疗技术"
      },
      "o45JzpqLjjMLL7m1": {
        "name": "家庭"
      },
      "rCQBUb65uJo0Zng5": {
        "name": "魅力领袖"
      },
      "sqHlfxm32pNENNFZ": {
        "name": "界面"
      }
    }
}