{
  "label": "工具",
  "folders": {},
  "entries": {
    "EMLGbP6Mcbm85RCj": {
      "name": "切割炬"
    },
    "KjN5Qr3r8vPjiD9i": {
      "name": "闪光管"
    },
    "LRy3GrRtMME1asRE": {
      "name": "闪光漆"
    },
    "OLlP8EaVlXIqzCVE": {
      "name": "荧光棒"
    },
    "SnYzo0owZ8ZW33CC": {
      "name": "绳索"
    },
    "TmHvvXxrJul9SdF7": {
      "name": "呼吸面罩 – 滤芯"
    },
    "fhklQKGZIITtFlab": {
      "name": "破门工具"
    },
    "gkjBAKUHKs4pd9uE": {
      "name": "防护护目镜"
    },
    "i4c51LRLELCgapTl": {
      "name": "电子工具包"
    },
    "iQcJpq8LofSYbPJO": {
      "name": "呼吸面罩"
    },
    "kmVPWxtgsihbH7bs": {
      "name": "技术工具包"
    },
    "mIH2I6fOI5iwj7wa": {
      "name": "技术扫描仪"
    },
    "yqmogdOnO4BpGlHl": {
      "name": "闪光胶带"
    }
  }
}