{
    "label": "载具",
    "folders": {},
    "entries": {
      "206gmwcZXrBDNTUG": {
        "name": "城市汽车 (带赛博控制)"
      },
      "7TBgrFQuHuaNMWpB": {
        "name": "城市汽车"
      },
      "8Bvmqxcqeflw3YXo": {
        "name": "豪华轿车"
      },
      "BbpHNzB3Iy6hZuJ6": {
        "name": "摩托车 (升级版)"
      },
      "GKck2brxSNtqO1WP": {
        "name": "跑车 (带赛博控制)"
      },
      "HBWm9gaNIs8G2N0F": {
        "name": "踏板车 (带赛博控制)"
      },
      "N80drWDFLasF2gjK": {
        "name": "中型轿车"
      },
      "SXyVs8R9aCgamQtP": {
        "name": "小型紧凑型汽车"
      },
      "W365vPIuchePOW4t": {
        "name": "跑车"
      },
      "Wst3pYCfpyixr91q": {
        "name": "摩托车 (带赛博控制)"
      },
      "YNyr0NBm9MCdsghW": {
        "name": "摩托车"
      },
      "a9vaNyV0mVNqvgEG": {
        "name": "摩托车 (升级版带赛博控制)"
      },
      "ioVlQfU6kvtvdefy": {
        "name": "豪华轿车 (带赛博控制)"
      },
      "jABe2w3NaoeyxyaY": {
        "name": "中型轿车 (带赛博控制)"
      },
      "k6RnfP3X7vmaliT6": {
        "name": "踏板车"
      },
      "k9ZkRHVbV6v5d69W": {
        "name": "小型紧凑型汽车 (带赛博控制)"
      },
      "l2TxKp4Zbwer9f3Y": {
        "name": "本田 R400 越野型"
      }
    }
}