{
  "label": "网行设备",
  "folders": {},
    "entries": {
      "7TH1p9u5yCQ7u9xF": {
        "name": "键盘"
      },
      "CpNnuYSqAAk9H91S": {
        "name": "战斗突击平台"
      },
      "HUJQJcMw98KRF44R": {
        "name": "赛博调制解调器"
      },
      "KUfUIWFQNe2lzcHk": {
        "name": "赛博义肢集成平台"
      },
      "PRdoIjZjG5SMfD34": {
        "name": "接口电缆"
      },
      "Rk2TI2LpKVzR7JEE": {
        "name": "袖珍电脑"
      },
      "SVHoDGUFU3Ns8I4q": {
        "name": "承重生命/支持"
      },
      "SonedrHBuaWvTedg": {
        "name": "赛博平台便携式"
      },
      "WGUZO1PBwu8k1KKB": {
        "name": "赛博调制解调器"
      },
      "a4Z9Ms3cVv5ZD2BZ": {
        "name": "终端机"
      },
      "et4tYmvRtzfodVR2": {
        "name": "笔记本电脑"
      },
      "phUkN2rJsfUjDmap": {
        "name": "电极套件"
      },
      "uvCzoIqA3CtV1T4i": {
        "name": "赛博义肢集成平台"
      },
      "xA1iNdn4PASWzh3U": {
        "name": "蜂窝式赛博调制解调器"
      },
      "zA1AJioB4fOSCOVY": {
        "name": "低阻抗电缆"
      }
    }
}