{
  "label": "护甲",
  "folders": {},
  "entries": {
    "34GtfgYULaZEe3C7": {
      "name": "舱门射手背心"
    },
    "IBWsFBQDEZveDNJP": {
      "name": "防弹裤"
    },
    "IU87ySLjve8eHgGf": {
      "name": "尼龙头盔"
    },
    "Ik7V8pMTdHzWdgMr": {
      "name": "网行者™赛博解制器通用服 CD"
    },
    "OKkVzkiGSM6SE7Hg": {
      "name": "头装™赛博解制器头盔"
    },
    "UacLNFUUvDtdiyEz": {
      "name": "凯夫拉背心"
    },
    "WfIvgkw2mWXjiWol": {
      "name": "轻皮甲"
    },
    "X0X3NTrChqfQ4wbO": {
      "name": "重型防弹夹克"
    },
    "Zv9y7TokBEt153Ng": {
      "name": "网行者™赛博解制器通用服 PD"
    },
    "aiehEkbdjqqYZD9j": {
      "name": "防弹背心"
    },
    "alaT1Zav1cW7j2PH": {
      "name": "凯夫拉T恤"
    },
    "jK6hLgReS5Wsf2Hv": {
      "name": "金属头盔"
    },
    "q0Ay1r3Y4WLUjaT4": {
      "name": "合金装备™"
    },
    "t5J70giYrlW6YXuy": {
      "name": "中型防弹夹克"
    },
    "u5Nus9ejrk0KZbqR": {
      "name": "重皮甲"
    },
    "x7WjXaNNtzSQJewW": {
      "name": "轻型防弹夹克"
    }
  }
}