{
    "label": "程序",
    "folders": {},
    "entries": {
      "13fic4sD2Ewau4RX": {
        "name": "访问控制器"
      },
      "1q5e09hHYbu0xg7a": {
        "name": "龙"
      },
      "2VAhfTgfwyRQAGX6": {
        "name": "挂锁"
      },
      "4Th868CbkTppBKkf": {
        "name": "墨菲"
      },
      "4rslatpsawMe5URn": {
        "name": "病毒 15"
      },
      "53gm2J7av6SCse3o": {
        "name": "寻血猎犬"
      },
      "5mBifmldL1UeY0eB": {
        "name": "备份"
      },
      "60O6npnaAng0L47T": {
        "name": "杰克锤"
      },
      "6GowY9FcO9Q631eW": {
        "name": "文件锁"
      },
      "7pTKo3eV6ZDfFZdB": {
        "name": "巫师之书"
      },
      "8tYfXfgZgAdGjDlc": {
        "name": "剑"
      },
      "AKKosMTQ2nTd4hng": {
        "name": "高射炮"
      },
      "Cb01G0evgC9w9heZ": {
        "name": "震慑"
      },
      "DMF18NlvTjJYvEcs": {
        "name": "比特犬"
      },
      "Daw7CvzE8Pl5BHE0": {
        "name": "看门狗"
      },
      "ElXSI3NRj2J3AzRK": {
        "name": "毒药平线"
      },
      "FMywUXgFUQsDqvqh": {
        "name": "文件打包器"
      },
      "HVibjg6P1AAXpW6V": {
        "name": "信号控制器"
      },
      "JA4MdydGjecSHqwb": {
        "name": "潜行"
      },
      "Kx9l1djWr3PWJH9B": {
        "name": "巫妖"
      },
      "M2WB1sjk0IMyiJVS": {
        "name": "复制者"
      },
      "MAGnDIb1ercDFJVh": {
        "name": "蠕虫"
      },
      "MH2ToFtOPvdPz8vF": {
        "name": "病毒增强"
      },
      "NeCpCgPvSQCxFtJK": {
        "name": "杰克攻击"
      },
      "Oq8s2Fo9paEPf4Q3": {
        "name": "土豚"
      },
      "PNDv6gkDqeRmrFcZ": {
        "name": "平线"
      },
      "PfRJhpBY6IDS5GGF": {
        "name": "杀手 IV"
      },
      "Q21sAI3vEK0weJnT": {
        "name": "隐藏美德"
      },
      "TgLcJXe0Nn40Xy9N": {
        "name": "即时回放"
      },
      "VeuzPOx1WFo430qD": {
        "name": "拉弗尔斯"
      },
      "W0jgwS0V7fGcTzfw": {
        "name": "杀手 VI"
      },
      "YPKdObGYMT8z6a6J": {
        "name": "测速陷阱"
      },
      "aFTEmQIt5ZhHBm99": {
        "name": "杀手 II"
      },
      "b9opbuM4Q60CYdNS": {
        "name": "击倒"
      },
      "dGBzP6axB4P3Tqhr": {
        "name": "崩溃"
      },
      "eOHis0Kbj60jrB22": {
        "name": "隐形"
      },
      "fpTUcd2aNXqqZJAZ": {
        "name": "力场盾"
      },
      "fqS16El99FrMWmNs": {
        "name": "纵火者"
      },
      "gmp4ES3IynzUqnuW": {
        "name": "地狱猎犬"
      },
      "gyE5U2iHh6RhZXiI": {
        "name": "网关主宰"
      },
      "hjdUMuW5dCAy4uTT": {
        "name": "反射器"
      },
      "kRqFFFLCYngQGNlw": {
        "name": "别名"
      },
      "kp7hA7DBSHzY7lvz": {
        "name": "胶水"
      },
      "lRyC1CTqJoSdcpK7": {
        "name": "地狱闪电"
      },
      "lS9Yrp9uEawYLfqR": {
        "name": "复活"
      },
      "pt9QCfbmpCxnev5f": {
        "name": "护甲"
      },
      "qRcteRnDMhNLnnkR": {
        "name": "平台崩溃"
      },
      "qSnMwYCI7OZuYSIP": {
        "name": "抽搐"
      },
      "rHoYB2Y7Tyg85oIi": {
        "name": "再见"
      },
      "rqRyWt0gaJdVeuVN": {
        "name": "脑擦除"
      },
      "tLdREz72cfnnU3Vc": {
        "name": "人面狮"
      },
      "teXxWIw1jzwhryZe": {
        "name": "锤子"
      },
      "tp1FmWPQKanHOdl6": {
        "name": "护盾"
      },
      "ttfjsAR0faSGPOCG": {
        "name": "九头蛇"
      },
      "uU9hVNciK07naaoY": {
        "name": "网络地图"
      },
      "uXFPHEn1q0H9nRe8": {
        "name": "僵尸"
      },
      "uxYox31rPJ3xACYq": {
        "name": "代码破解者"
      },
      "xpSCeg0AvGnK1rVv": {
        "name": "控制器管理"
      },
      "xvuw51KDn5M0Cn72": {
        "name": "电子锁"
      },
      "z4Ck9mqrPYNNQ58M": {
        "name": "数据库存取器"
      }
    }
}