{
    "label": "安保设备",
    "folders": {},
    "entries": {
      "1nUpVE7GEC5f5U7d": {
        "name": "钥匙锁 – 最高安保"
      },
      "5bsWx8GcFPV0dKl1": {
        "name": "钥匙锁 – 低安保"
      },
      "6MetXsqmUbqnqicM": {
        "name": "运动传感器"
      },
      "B8cwRLTgNH0JKDbQ": {
        "name": "钥匙锁 – 高安保"
      },
      "K1Bz0UxSoimwfeo4": {
        "name": "塑钢手铐"
      },
      "NQGeD3NjMWevb8sb": {
        "name": "通行卡"
      },
      "PRv6kH68kgxdZFTw": {
        "name": "安保扫描仪"
      },
      "Q7WKq8FA8wXLMIGG": {
        "name": "卡锁 – 最高安保"
      },
      "RXu2Mg4Tu6gXQGdy": {
        "name": "扫描板"
      },
      "STgYR5T0ahs3UiCq": {
        "name": "追踪按钮"
      },
      "TBUg8FIkTAwFiYx1": {
        "name": "声控锁 – 中安保"
      },
      "TudU70AKY8FSPziF": {
        "name": "卡锁 – 中安保"
      },
      "YgfVnb6Im4QjM61v": {
        "name": "干扰发射器"
      },
      "aGLkz8sxf6mox657": {
        "name": "声控锁 – 高安保"
      },
      "elHoetdX5JUgxCFX": {
        "name": "带刺钢丝束缚器"
      },
      "gdaNiKBjP5twkUlA": {
        "name": "声控锁 – 低安保"
      },
      "iMvWYUhWME7N885O": {
        "name": "卡锁 – 低安保"
      },
      "mBHnXfoBaOOFBfHs": {
        "name": "钥匙锁 – 中安保"
      },
      "oVGBBUXDnAph5s72": {
        "name": "声纹解密器"
      },
      "tS5zTejaXhJQQd4D": {
        "name": "远程传感器"
      },
      "tsyOOBZXU1HPWmY1": {
        "name": "卡锁 – 高安保"
      },
      "x5tqFKcauUqxkqWr": {
        "name": "毒物嗅探器"
      },
      "yO5sgUByAApOQPyy": {
        "name": "追踪设备"
      },
      "ycLktwLxqVMsxr7K": {
        "name": "代码解密器"
      },
      "z7lYhvCnByZxY7dg": {
        "name": "线路窃听器"
      },
      "zzHdxI9ugvT1W6wd": {
        "name": "声控锁 – 最高安保"
      }
    }
}